{"stats":{"minecraft:used":{"minecraft:oak_log":1,"minecraft:dirt":3,"minecraft:sand":4,"minecraft:crafting_table":1},"minecraft:picked_up":{"minecraft:sand":4,"minecraft:oak_log":3,"minecraft:dirt":3},"minecraft:custom":{"minecraft:time_since_rest":4210,"minecraft:crouch_one_cm":17,"minecraft:play_time":4210,"minecraft:sprint_one_cm":4178,"minecraft:damage_taken":10,"minecraft:walk_one_cm":2027,"minecraft:sneak_time":16,"minecraft:jump":44,"minecraft:leave_game":1,"minecraft:time_since_death":4210,"minecraft:total_world_time":4210,"minecraft:interact_with_crafting_table":1,"minecraft:fall_one_cm":544,"minecraft:fly_one_cm":5270},"minecraft:mined":{"minecraft:grass":1,"minecraft:grass_block":3,"minecraft:oak_log":3,"minecraft:sand":4},"minecraft:crafted":{"minecraft:oak_planks":8,"minecraft:crafting_table":1,"minecraft:stick":8}},"DataVersion":2975}